id,predicted_runs
0,51.02823636020675
1,47.56311836276251
